estimation,variance_estimee
9.702405e-7,2.288918e-8
0.000001095953,3.915576e-8
0.000002163985,1.00352e-7
0.000003378079,3.109052e-7
0.000001186427,2.544929e-8
6.366969e-7,1.165466e-8
3.575892e-7,1.785544e-8
0.000009208219,0.000003067444
7.369432e-7,2.580938e-8
0.1252242,0.00784525
0.1257892,0.00779075
1.375577e-7,2.659602e-10
0.000001188371,6.865502e-8
7.350765e-8,2.125958e-10
7.613789e-7,2.770955e-8
0.000018478,0.00001685551
0.000005429912,0.000001300187
